title,type,release_year,mpa_rating,runtime,seasons,imdb_id,imdb_score,imdb_votes
Taxi Driver,MOVIE,1976,R,113,,tt0075314,8.3,795222
Monty Python and the Holy Grail,MOVIE,1975,PG,91,,tt0071853,8.2,530877
Life of Brian,MOVIE,1979,R,94,,tt0079470,8.0,392419
The Exorcist,MOVIE,1973,R,133,,tt0070047,8.1,391942
Monty Python's Flying Circus,SHOW,1969,TV_14,30,4.0,tt0063929,8.8,72895
Dirty Harry,MOVIE,1971,R,102,,tt0066999,7.7,153463
My Fair Lady,MOVIE,1964,G,170,,tt0058385,7.8,94121
The Blue Lagoon,MOVIE,1980,R,104,,tt0080453,5.8,69053
Bonnie and Clyde,MOVIE,1967,R,110,,tt0061418,7.7,111189
The Professionals,MOVIE,1966,PG_13,117,,tt0060862,7.3,16168
The Guns of Navarone,MOVIE,1961,NOT_RATED,158,,tt0054953,7.5,50150
Lupin the Third: The Castle of Cagliostro,MOVIE,1979,PG,100,,tt0079833,7.6,30277
The Long Riders,MOVIE,1980,R,99,,tt0081071,6.9,11329
White Christmas,MOVIE,1954,NOT_RATED,115,,tt0047673,7.5,42373
Top Gun,MOVIE,1986,PG,110,,tt0092099,6.9,329656
Seinfeld,SHOW,1989,TV_PG,24,9.0,tt0098904,8.9,302700
Stand by Me,MOVIE,1986,R,89,,tt0092005,8.1,392790
Once Upon a Time in America,MOVIE,1984,R,229,,tt0087843,8.3,342335
When Harry Met Sally...,MOVIE,1989,R,96,,tt0098635,7.7,212913
Full Metal Jacket,MOVIE,1987,R,116,,tt0093058,8.3,723306
Christine,MOVIE,1983,R,90,,tt0085333,6.7,80945
A Nightmare on Elm Street,MOVIE,1984,R,91,,tt0087800,7.4,230543
Knight Rider,SHOW,1982,TV_PG,51,4.0,tt0083437,6.9,33760
Awakenings,MOVIE,1990,PG_13,120,,tt0099077,7.8,137549
Annie,MOVIE,1982,PG,127,,tt0083564,6.6,44866
Eddie Murphy Raw,MOVIE,1987,R,93,,tt0092948,7.6,19646
Monty Python Live at the Hollywood Bowl,MOVIE,1982,R,77,,tt0084352,7.9,15186
Stargate SG-1,SHOW,1997,TV_PG,44,10.0,tt0118480,8.4,90196
Forrest Gump,MOVIE,1994,PG_13,142,,tt0109830,8.8,1994599
Happy Gilmore,MOVIE,1996,PG_13,92,,tt0116483,7.0,217534
One Piece,SHOW,1999,TV_14,23,21.0,tt0388629,8.8,112586
Saving Private Ryan,MOVIE,1998,R,169,,tt0120815,8.6,1346020
Cowboy Bebop,SHOW,1998,TV_14,25,1.0,tt0213338,8.9,112887
Star Trek: Deep Space Nine,SHOW,1993,TV_PG,47,7.0,tt0106145,8.1,61145
Gattaca,MOVIE,1997,PG_13,106,,tt0119177,7.8,298168
Gilmore Girls,SHOW,2000,TV_14,46,8.0,tt0238784,8.2,119054
Blade,MOVIE,1998,R,120,,tt0120611,7.1,267181
Starship Troopers,MOVIE,1997,R,129,,tt0120201,7.3,288960
Neon Genesis Evangelion,SHOW,1995,TV_14,24,1.0,tt0112159,8.5,64727
Donnie Brasco,MOVIE,1997,R,127,,tt0119008,7.7,300073
Seven Years in Tibet,MOVIE,1997,PG_13,136,,tt0120102,7.1,141308
The Devil's Advocate,MOVIE,1997,NOT_RATED,144,,tt0118971,7.5,361422
A River Runs Through It,MOVIE,1992,PG,123,,tt0105265,7.2,59086
"Girl, Interrupted",MOVIE,1999,R,127,,tt0172493,7.3,180532
Goosebumps,SHOW,1995,TV_PG,22,4.0,tt0111987,7.6,13361
InuYasha,SHOW,2000,TV_14,25,9.0,tt0290223,7.9,15823
Any Given Sunday,MOVIE,1999,R,162,,tt0146838,6.9,118479
Menace II Society,MOVIE,1993,R,97,,tt0107554,7.5,57399
Desperado,MOVIE,1995,R,104,,tt0112851,7.1,183638
The Patriot,MOVIE,2000,R,165,,tt0187393,7.2,270231
In the Line of Fire,MOVIE,1993,R,128,,tt0107206,7.2,101939
Little Women,MOVIE,1994,PG,115,,tt0110367,7.3,57621
My Girl,MOVIE,1991,PG,103,,tt0102492,6.9,79800
Neon Genesis Evangelion: The End of Evangelion,MOVIE,1997,NOT_RATED,87,,tt0169858,8.0,51938
Croupier,MOVIE,1998,R,94,,tt0159382,7.0,21382
Kuch Kuch Hota Hai,MOVIE,1998,G,185,,tt0172684,7.6,51640
Dil Se..,MOVIE,1998,PG_13,163,,tt0164538,7.5,28409
Bombay,MOVIE,1995,NOT_RATED,141,,tt0112553,8.1,12512
Kabhi Haan Kabhi Naa,MOVIE,1994,G,158,,tt0110222,7.6,18224
Hum Aapke Hain Koun..!,MOVIE,1994,NOT_RATED,206,,tt0110076,7.5,20986
Breaking Bad,SHOW,2008,TV_MA,48,5.0,tt0903747,9.5,1727694
The Walking Dead,SHOW,2010,TV_MA,46,11.0,tt1520211,8.2,945125
The Staircase,SHOW,2004,TV_MA,49,2.0,tt0388644,7.8,21531
Downton Abbey,SHOW,2010,TV_14,58,6.0,tt1606375,8.7,197744
Grey's Anatomy,SHOW,2005,TV_14,49,18.0,tt0413573,7.6,293618
Criminal Minds,SHOW,2005,TV_14,44,15.0,tt0452046,8.1,189191
NCIS,SHOW,2003,TV_14,44,19.0,tt0364845,7.8,141049
Community,SHOW,2009,TV_PG,23,6.0,tt1439629,8.5,252564
Heartland,SHOW,2007,TV_PG,44,15.0,tt1094229,8.4,15743
Supernatural,SHOW,2005,TV_14,45,15.0,tt0460681,8.5,428639
Forgetting Sarah Marshall,MOVIE,2008,R,111,,tt0800039,7.1,280121
Arrested Development,SHOW,2003,TV_MA,28,5.0,tt0367279,8.7,297552
The IT Crowd,SHOW,2006,TV_14,25,5.0,tt0487831,8.5,147409
30 Rock,SHOW,2006,TV_14,25,7.0,tt0496424,8.3,121514
Avatar: The Last Airbender,SHOW,2005,TV_Y7,24,3.0,tt0417299,9.3,297336
Inception,MOVIE,2010,PG_13,148,,tt1375666,8.8,2268288
How to Train Your Dragon,MOVIE,2010,PG,98,,tt0892769,8.1,719717
Friday Night Lights,SHOW,2006,TV_14,43,5.0,tt0758745,8.7,64449
Casino Royale,MOVIE,2006,NOT_RATED,139,,tt0381061,8.0,644336
Michael Clayton,MOVIE,2007,R,120,,tt0465538,7.2,163878
My Little Pony: Friendship Is Magic,SHOW,2010,TV_Y7,22,9.0,tt1751105,7.6,20708
DEATH NOTE,SHOW,2006,TV_14,24,1.0,tt0877057,9.0,302147
The Vampire Diaries,SHOW,2009,TV_14,42,8.0,tt1405406,7.7,310776
Harold & Kumar Go to White Castle,MOVIE,2004,R,88,,tt0366551,7.0,193053
The Social Network,MOVIE,2010,PG_13,121,,tt1285016,7.8,681286
Road to Perdition,MOVIE,2002,R,117,,tt0257044,7.7,263212
Naruto,SHOW,2002,TV_PG,23,6.0,tt0409591,8.4,93980
Blow,MOVIE,2001,R,124,,tt0221027,7.5,255099
Shooter,MOVIE,2007,R,124,,tt0822854,7.2,329417
Big Fish,MOVIE,2003,PG_13,125,,tt0319061,8.0,435503
The Bourne Ultimatum,MOVIE,2007,PG_13,115,,tt0440963,8.0,627009
Public Enemies,MOVIE,2009,R,143,,tt1152836,7.0,297525
Sherlock Holmes,MOVIE,2009,PG_13,129,,tt0988045,7.6,620154
Love Actually,MOVIE,2003,R,139,,tt0314331,7.6,474176
Closer,MOVIE,2004,R,94,,tt0376541,7.2,215678
Chappelle's Show,SHOW,2003,TV_14,21,3.0,tt0353049,8.8,62140
The Blind Side,MOVIE,2009,PG_13,129,,tt0878804,7.6,323939
The Ring,MOVIE,2002,PG_13,111,,tt0298130,7.1,341888
Trailer Park Boys,SHOW,2001,TV_MA,25,12.0,tt0290988,8.6,41791
Into the Wild,MOVIE,2007,R,140,,tt0758758,8.1,611379
True Grit,MOVIE,2010,PG_13,110,,tt1403865,7.6,333378
Rambo,MOVIE,2008,R,92,,tt0462499,7.0,228799
Stardust,MOVIE,2007,PG_13,122,,tt0486655,7.6,269043
Borgen,SHOW,2010,TV_MA,58,4.0,tt1526318,8.5,23523
The Last Samurai,MOVIE,2003,R,154,,tt0325710,7.8,429097
iCarly,SHOW,2007,TV_G,26,6.0,tt0972534,6.7,38281
Identity,MOVIE,2003,R,90,,tt0340770,7.3,240433
Merlin,SHOW,2008,TV_PG,44,5.0,tt1199099,7.9,80138
Corpse Bride,MOVIE,2005,PG,77,,tt0121164,7.3,265023
Let Me In,MOVIE,2010,R,116,,tt1228987,7.1,120208
Monster,MOVIE,2003,R,110,,tt0340855,7.3,149218
Cloudy with a Chance of Meatballs,MOVIE,2009,PG,90,,tt0844471,6.9,226225
Blood Diamond,MOVIE,2006,R,143,,tt0450259,8.0,536858
Gurren Lagann,SHOW,2007,TV_14,24,1.0,tt0948103,8.3,17024
John Q,MOVIE,2002,PG_13,116,,tt0251160,7.0,131999
Code Geass: Lelouch of the Rebellion,SHOW,2006,TV_14,24,3.0,tt0994314,8.7,62367
Ip Man,MOVIE,2008,R,108,,tt1220719,8.0,221095
Coach Carter,MOVIE,2005,PG_13,130,,tt0393162,7.3,143670
The Bucket List,MOVIE,2007,PG_13,97,,tt0825232,7.4,242733
Memoirs of a Geisha,MOVIE,2005,PG_13,145,,tt0397535,7.3,146847
A Nightmare on Elm Street,MOVIE,2010,R,95,,tt1179056,5.2,99192
Body of Lies,MOVIE,2008,R,128,,tt0758774,7.1,224896
The 4400,SHOW,2004,TV_14,44,4.0,tt0389564,7.3,44971
3 Idiots,MOVIE,2009,PG_13,170,,tt1187043,8.4,385782
Boys Over Flowers,SHOW,2009,TV_14,64,1.0,tt1370334,7.9,11579
I Am Sam,MOVIE,2001,PG_13,132,,tt0277027,7.6,149082
Dead Set,SHOW,2008,TV_MA,141,1.0,tt1285482,7.6,19684
Toradora!,SHOW,2008,TV_14,30,2.0,tt1279024,8.0,14307
Lagaan: Once Upon a Time in India,MOVIE,2001,PG,224,,tt0169102,8.1,111053
Legend of the Guardians: The Owls of Ga'Hoole,MOVIE,2010,PG,100,,tt1219342,6.9,82623
Louis C.K.: Hilarious,MOVIE,2010,NOT_RATED,84,,tt1421373,8.4,11973
Gifted Hands: The Ben Carson Story,MOVIE,2009,NOT_RATED,86,,tt1295085,7.6,10210
Angel Beats!,SHOW,2010,TV_14,26,1.0,tt1639109,7.7,13848
Ip Man 2,MOVIE,2010,R,108,,tt1386932,7.5,103673
Like Stars on Earth,MOVIE,2007,PG,165,,tt0986264,8.3,188234
Felon,MOVIE,2008,R,103,,tt1117385,7.4,78039
Even the Rain,MOVIE,2010,NOT_RATED,104,,tt1422032,7.4,13446
Kabhi Khushi Kabhie Gham,MOVIE,2001,G,210,,tt0248126,7.4,48818
Trailer Park Boys: The Movie,MOVIE,2006,R,95,,tt0425601,7.1,12831
Jodhaa Akbar,MOVIE,2008,PG_13,213,,tt0449994,7.5,32188
Jab We Met,MOVIE,2007,PG_13,138,,tt1093370,7.9,51945
Dil Chahta Hai,MOVIE,2001,G,183,,tt0292490,8.1,71167
Don,MOVIE,2006,PG_13,178,,tt0461936,7.1,36836
Rock On!!,MOVIE,2008,NOT_RATED,144,,tt1230165,7.7,21963
Welcome,MOVIE,2007,NOT_RATED,160,,tt0488798,6.9,21799
Phir Hera Pheri,MOVIE,2006,NOT_RATED,155,,tt0419058,7.1,22505
Rang De Basanti,MOVIE,2006,PG_13,157,,tt0460895,8.1,118092
Swades,MOVIE,2004,G,189,,tt0367110,8.1,89085
Kal Ho Naa Ho,MOVIE,2003,PG,186,,tt0347304,7.9,68028
Sivaji: The Boss,MOVIE,2007,PG_13,189,,tt0479751,7.5,19556
Ishqiya,MOVIE,2010,R,115,,tt1345777,7.3,10415
Guzaarish,MOVIE,2010,PG,126,,tt1438298,7.4,18466
Oye Lucky! Lucky Oye!,MOVIE,2008,NOT_RATED,126,,tt1292703,7.7,17411
Black Friday,MOVIE,2004,R,143,,tt0400234,8.4,20611
Vizontele,MOVIE,2001,NOT_RATED,110,,tt0270053,8.0,36291
Once Upon a Time in Mumbaai,MOVIE,2010,PG_13,132,,tt1395054,7.4,17494
Guru,MOVIE,2007,PG_13,166,,tt0499375,7.7,23541
Main Hoon Na,MOVIE,2004,PG,179,,tt0347473,7.0,35142
Kaminey,MOVIE,2009,PG_13,135,,tt1274295,7.4,17136
G.O.R.A.,MOVIE,2004,PG_13,127,,tt0384116,8.0,61797
Jaane Tu... Ya Jaane Na,MOVIE,2008,NOT_RATED,155,,tt0473367,7.4,26738
Chup Chup Ke,MOVIE,2006,G,165,,tt0464160,6.9,10528
Luck by Chance,MOVIE,2009,NOT_RATED,155,,tt0886539,7.1,10206
Karthik Calling Karthik,MOVIE,2010,PG,135,,tt1373156,7.1,11944
Namastey London,MOVIE,2007,PG,131,,tt0795434,7.1,21745
Fashion,MOVIE,2008,PG_13,167,,tt0964516,6.9,12468
Peepli Live,MOVIE,2010,PG,104,,tt1447508,7.4,12265
Lakshya,MOVIE,2004,G,186,,tt0323013,7.8,23076
Wake Up Sid,MOVIE,2009,NOT_RATED,138,,tt1324059,7.6,30818
Life in a Metro,MOVIE,2007,NOT_RATED,124,,tt0800956,7.4,11934
Anbe Sivam,MOVIE,2003,NOT_RATED,160,,tt0367495,8.7,20595
Gangaajal,MOVIE,2003,NOT_RATED,157,,tt0373856,7.8,17029
Aamir,MOVIE,2008,NC_17,99,,tt1241195,7.6,11241
The Legend of Bhagat Singh,MOVIE,2002,NOT_RATED,155,,tt0319736,8.1,16225
Udaan,MOVIE,2010,R,138,,tt1639426,8.1,44556
Raajneeti,MOVIE,2010,PG,167,,tt1291465,7.1,17555
Dev.D,MOVIE,2009,PG_13,144,,tt1327035,7.9,30389
Shootout at Lokhandwala,MOVIE,2007,PG_13,145,,tt0811066,7.1,10139
Call the Midwife,SHOW,2012,TV_PG,56,11.0,tt1983079,8.5,25562
"Crazy, Stupid, Love.",MOVIE,2011,PG_13,118,,tt1570728,7.4,507878
New Girl,SHOW,2011,TV_14,21,7.0,tt1826940,7.7,216209
Margin Call,MOVIE,2011,R,107,,tt1615147,7.1,125883
Django Unchained,MOVIE,2012,R,165,,tt1853728,8.4,1472668
Longmire,SHOW,2012,TV_14,53,6.0,tt1836037,8.3,34362
Looper,MOVIE,2012,R,119,,tt1276104,7.4,566791
Shameless,SHOW,2011,TV_MA,54,11.0,tt1586680,8.6,230243
Happy Endings,SHOW,2011,TV_14,21,3.0,tt2311579,7.8,37778
Argo,MOVIE,2012,R,120,,tt1024648,7.7,600392
Midnight in Paris,MOVIE,2011,PG_13,94,,tt1605783,7.7,413541
Top Boy,SHOW,2011,TV_MA,48,2.0,tt1830379,8.4,22420
Warrior,MOVIE,2011,PG_13,140,,tt1291584,8.2,463276
Hunter x Hunter,SHOW,2011,TV_14,23,3.0,tt2098220,9.0,87857
Les Misérables,MOVIE,2012,PG_13,157,,tt1707386,7.5,325132
Arrow,SHOW,2012,TV_14,42,8.0,tt2193021,7.5,425716
The Girl with the Dragon Tattoo,MOVIE,2011,R,158,,tt1568346,7.8,454917
Sherlock Holmes: A Game of Shadows,MOVIE,2011,PG_13,129,,tt1515091,7.4,446531
Silver Linings Playbook,MOVIE,2012,R,122,,tt1045658,7.7,697481
The Legend of Korra,SHOW,2012,TV_Y7,23,4.0,tt1695360,8.4,117464
Sword Art Online,SHOW,2012,TV_MA,23,4.0,tt2250192,7.6,43727
The Borgias,SHOW,2011,TV_MA,51,3.0,tt1582457,7.9,50556
Berserk: The Golden Age Arc I - The Egg of the King,MOVIE,2012,NC_17,76,,tt2311238,7.5,12278
Soul Surfer,MOVIE,2011,PG,112,,tt1596346,7.0,49101
Comedians in Cars Getting Coffee,SHOW,2012,TV_14,20,11.0,tt2314952,8.0,12363
Lilyhammer,SHOW,2012,TV_MA,45,3.0,tt1958961,7.9,29196
Rurouni Kenshin Part I: Origins,MOVIE,2012,PG_13,134,,tt1979319,7.4,25793
Fate/Zero,SHOW,2011,TV_MA,25,2.0,tt2051178,8.2,12568
Blue Exorcist,SHOW,2011,TV_14,24,2.0,tt1799631,7.5,12741
anohana: The Flower We Saw That Day,SHOW,2011,TV_PG,23,1.0,tt1913273,8.2,12682
Arthur Christmas,MOVIE,2011,PG,97,,tt1430607,7.1,58296
Silenced,MOVIE,2011,NOT_RATED,125,,tt2070649,8.0,15889
Berserk: The Golden Age Arc II - The Battle for Doldrey,MOVIE,2012,R,80,,tt2358911,7.7,10257
Bully,MOVIE,2011,PG_13,92,,tt1682181,7.4,10266
Zindagi Na Milegi Dobara,MOVIE,2011,PG,166,,tt1562872,8.1,75801
Barfi!,MOVIE,2012,G,151,,tt2082197,8.1,80643
Delhi Belly,MOVIE,2011,NOT_RATED,102,,tt1934231,7.6,29578
Pyaar Ka Punchnama,MOVIE,2011,PG_13,149,,tt1926313,7.7,21204
Don 2,MOVIE,2011,NOT_RATED,139,,tt1285241,7.1,52338
Talaash,MOVIE,2012,NOT_RATED,149,,tt1787988,7.3,41752
OMG: Oh My God!,MOVIE,2012,G,125,,tt2283748,8.1,57449
Bodyguard,MOVIE,2011,NOT_RATED,134,,tt1729637,4.6,25592
Paan Singh Tomar,MOVIE,2012,PG,135,,tt1620933,8.2,35888
No One Killed Jessica,MOVIE,2011,PG_13,136,,tt1734110,7.2,11665
Outlander,SHOW,2014,TV_MA,60,6.0,tt3006802,8.4,152435
Peaky Blinders,SHOW,2013,TV_MA,58,6.0,tt2442560,8.8,485506
Attack on Titan,SHOW,2013,TV_MA,24,4.0,tt2560140,9.0,325381
The Blacklist,SHOW,2013,TV_14,43,9.0,tt2741602,8.0,238138
Paddington,MOVIE,2014,PG,96,,tt1109624,7.2,111092
The Flash,SHOW,2014,TV_14,42,8.0,tt3107288,7.6,336888
Nightcrawler,MOVIE,2014,R,118,,tt2872718,7.8,523686
Gotham,SHOW,2014,TV_14,43,5.0,tt3749900,7.8,226081
Her,MOVIE,2013,R,126,,tt1798709,8.0,586679
42,MOVIE,2013,PG_13,128,,tt0453562,7.5,93314
The Imitation Game,MOVIE,2014,PG_13,113,,tt2084970,8.0,748654
The Call,MOVIE,2013,R,94,,tt1911644,6.7,120475
The 100,SHOW,2014,TV_14,42,7.0,tt2661044,7.6,242221
How to Get Away with Murder,SHOW,2014,TV_14,43,6.0,tt3205802,8.1,146712
Rush,MOVIE,2013,R,123,,tt1979320,8.1,465254
Reign,SHOW,2013,TV_14,42,4.0,tt2710394,7.5,47751
How to Train Your Dragon 2,MOVIE,2014,PG,102,,tt1646971,7.8,327565
Begin Again,MOVIE,2013,R,104,,tt1980929,7.4,154049
The Conjuring,MOVIE,2013,R,107,,tt1457767,7.5,491048
BoJack Horseman,SHOW,2014,TV_MA,26,6.0,tt3398228,8.8,143584
House of Cards,SHOW,2013,TV_MA,52,6.0,tt1856010,8.7,494092
Orange Is the New Black,SHOW,2013,TV_MA,59,7.0,tt2372162,8.1,295591
The Originals,SHOW,2013,TV_14,43,5.0,tt2632424,8.3,131574
Jane the Virgin,SHOW,2014,TV_14,42,5.0,tt3566726,7.8,46286
St. Vincent,MOVIE,2014,PG_13,102,,tt2170593,7.2,102103
Marco Polo,SHOW,2014,TV_MA,55,2.0,tt2189461,8.0,71229
Wentworth,SHOW,2013,TV_MA,46,9.0,tt2433738,8.6,21747
Madam Secretary,SHOW,2014,TV_14,43,6.0,tt3501074,7.6,22563
KILL la KILL,SHOW,2013,TV_MA,25,1.0,tt3114390,7.9,13372
Derek,SHOW,2013,TV_MA,26,3.0,tt2616280,8.1,31976
The Butler,MOVIE,2013,PG_13,132,,tt1327773,7.2,114013
The Seven Deadly Sins,SHOW,2014,TV_14,24,5.0,tt3909224,7.9,30341
Lovesick,SHOW,2014,TV_MA,24,3.0,tt4051832,8.1,19259
The Night Shift,SHOW,2014,TV_14,42,4.0,tt1483202,7.5,12069
The Railway Man,MOVIE,2013,R,116,,tt2058107,7.1,39743
Resurrection: Ertugrul,SHOW,2014,TV_14,57,5.0,tt4320258,7.9,35515
Get on Up,MOVIE,2014,PG_13,139,,tt2473602,6.9,24456
Who Am I,MOVIE,2014,NOT_RATED,105,,tt4426376,7.5,55044
Bo Burnham: What.,MOVIE,2013,NOT_RATED,60,,tt3210258,8.3,11488
Metallica: Through the Never,MOVIE,2013,R,93,,tt2172935,7.1,17433
Copenhagen,MOVIE,2014,NOT_RATED,98,,tt2459156,7.1,13135
Cowspiracy: The Sustainability Secret,MOVIE,2014,NOT_RATED,90,,tt4344904,8.2,24845
The Heirs,SHOW,2013,NOT_RATED,59,1.0,tt3243098,7.5,10329
PK,MOVIE,2014,PG_13,153,,tt2338151,8.2,178012
Virunga,MOVIE,2014,NOT_RATED,90,,tt3455224,8.2,11403
Omar,MOVIE,2013,NOT_RATED,96,,tt2852406,7.5,14230
Haider,MOVIE,2014,PG_13,150,,tt3390572,8.1,54001
2 States,MOVIE,2014,PG,149,,tt2372678,6.9,25344
Highway,MOVIE,2014,PG_13,133,,tt2980794,7.6,28370
Queen,MOVIE,2014,PG_13,146,,tt3322420,8.2,64805
Kai Po Che!,MOVIE,2013,NOT_RATED,126,,tt2213054,7.8,36512
Fukrey,MOVIE,2013,PG_13,137,,tt2806788,6.9,11656
Ankhon Dekhi,MOVIE,2014,NOT_RATED,104,,tt3620858,8.0,11330
Mary Kom,MOVIE,2014,PG_13,122,,tt3001638,6.9,10656
Special 26,MOVIE,2013,NOT_RATED,144,,tt2377938,8.0,55489
The Butterfly's Dream,MOVIE,2013,PG_13,138,,tt2882532,7.8,21882
Free to Play,MOVIE,2014,NOT_RATED,75,,tt3203290,7.9,13308
Coming Soon,MOVIE,2014,PG,134,,tt3698408,7.5,33714
Wedding Association,MOVIE,2013,PG_13,106,,tt3726104,7.1,22186
Madras Cafe,MOVIE,2013,PG_13,130,,tt2855648,7.7,24319
Better Call Saul,SHOW,2015,TV_MA,49,6.0,tt3032476,8.8,404920
The Last Kingdom,SHOW,2015,TV_MA,55,5.0,tt4179452,8.5,126473
Stranger Things,SHOW,2016,TV_14,52,5.0,tt4575572,8.7,989090
Schitt's Creek,SHOW,2015,TV_14,22,6.0,tt3526078,8.5,112537
Grace and Frankie,SHOW,2015,TV_MA,30,7.0,tt3609352,8.2,48435
The Good Place,SHOW,2016,TV_14,23,4.0,tt4955642,8.2,148562
Ash vs Evil Dead,SHOW,2015,TV_MA,30,3.0,tt4189022,8.4,70087
One-Punch Man,SHOW,2015,TV_PG,24,2.0,tt4508902,8.7,148386
Chicago Med,SHOW,2015,TV_14,41,8.0,tt4655480,7.6,24142
Queen of the South,SHOW,2016,TV_MA,42,5.0,tt1064899,7.9,28537
The Crown,SHOW,2016,TV_MA,56,5.0,tt4786824,8.7,190878
Call My Agent!,SHOW,2015,TV_MA,55,4.0,tt4277922,8.3,13331
Hunt for the Wilderpeople,MOVIE,2016,PG_13,101,,tt4698684,7.8,125720
Hell or High Water,MOVIE,2016,R,102,,tt2582782,7.6,224900
Lucifer,SHOW,2016,TV_14,47,6.0,tt4052886,8.1,308291
Raw,MOVIE,2016,R,98,,tt4954522,7.0,72460
Kung Fu Panda 3,MOVIE,2016,PG,95,,tt2267968,7.1,152791
The Magicians,SHOW,2015,TV_14,44,5.0,tt4254242,7.6,49557
Nocturnal Animals,MOVIE,2016,R,115,,tt4551306,7.5,264884
The OA,SHOW,2016,TV_MA,55,2.0,tt4635282,7.9,100911
Kim's Convenience,SHOW,2016,TV_14,22,5.0,tt5912064,8.3,16970
Sense8,SHOW,2015,TV_MA,62,2.0,tt2431438,8.2,151518
War Dogs,MOVIE,2016,R,114,,tt2005151,7.1,208185
Crashing,SHOW,2016,TV_MA,30,1.0,tt5295524,7.7,18546
Norsemen,SHOW,2016,TV_MA,30,3.0,tt5905354,7.7,18040
The Hateful Eight,MOVIE,2015,R,188,,tt3460252,7.8,570138
Bloodline,SHOW,2015,TV_MA,57,3.0,tt0219432,7.9,50028
Tangerine,MOVIE,2015,R,87,,tt3824458,7.1,31385
Travelers,SHOW,2016,TV_MA,45,3.0,tt5651844,8.0,54566
Legend,MOVIE,2015,R,132,,tt3569230,6.9,175273
Narcos,SHOW,2015,TV_MA,52,3.0,tt2707408,8.8,404486
Miraculous: Tales of Ladybug & Cat Noir,SHOW,2015,TV_Y7,22,4.0,tt2580046,7.7,10102
Designated Survivor,SHOW,2016,TV_PG,44,3.0,tt5296406,7.5,88019
Into the Badlands,SHOW,2015,TV_14,43,3.0,tt3865236,7.9,45628
iZombie,SHOW,2015,TV_14,42,5.0,tt3501584,7.8,66488
Dark Matter,SHOW,2015,TV_14,43,3.0,tt3116070,7.5,41867
Versailles,SHOW,2015,TV_MA,54,3.0,tt3830558,7.9,16273
The Edge of Seventeen,MOVIE,2016,R,104,,tt1878870,7.3,120488
Steve Jobs,MOVIE,2015,R,122,,tt3565344,7.2,166288
Crazy Ex-Girlfriend,SHOW,2015,TV_14,42,4.0,tt4094300,7.8,19738
A Silent Voice: The Movie,MOVIE,2016,PG_13,130,,tt5323662,8.1,75132
Medici: Masters of Florence,SHOW,2016,TV_14,54,3.0,tt5057130,7.9,18575
Bordertown,SHOW,2016,TV_MA,59,3.0,tt4937942,7.6,10371
Fauda,SHOW,2015,TV_MA,40,3.0,tt4565380,8.3,25239
Christine,MOVIE,2016,R,115,,tt4666726,6.9,14977
Bāhubali: The Beginning,MOVIE,2015,PG_13,159,,tt2631186,8.0,117333
ERASED,SHOW,2016,TV_14,22,1.0,tt5249462,8.5,42699
The Conjuring 2,MOVIE,2016,R,134,,tt3065204,7.3,260693
Love,SHOW,2016,TV_MA,32,3.0,tt4061080,7.7,41362
Gantz:O,MOVIE,2016,NC_17,95,,tt5923962,7.1,14501
Shooter,SHOW,2016,TV_14,41,3.0,tt4181172,7.5,35547
A Monster Calls,MOVIE,2016,PG_13,108,,tt3416532,7.5,86614
Master of None,SHOW,2015,TV_MA,32,3.0,tt4635276,8.3,72341
Unbreakable Kimmy Schmidt,SHOW,2015,TV_14,30,4.0,tt3339966,7.6,70242
Loving,MOVIE,2016,PG_13,123,,tt4669986,7.0,34139
Making a Murderer,SHOW,2015,TV_14,62,2.0,tt5189670,8.6,93456
The Danish Girl,MOVIE,2015,R,119,,tt0810819,7.1,180805
F is for Family,SHOW,2015,TV_MA,28,5.0,tt4326894,8.0,36050
The Fundamentals of Caring,MOVIE,2016,R,97,,tt2452386,7.3,70542
Winter on Fire: Ukraine's Fight for Freedom,MOVIE,2015,NOT_RATED,98,,tt4908644,8.3,17710
Locked Up,SHOW,2015,TV_MA,50,4.0,tt4524056,8.2,21388
13th,MOVIE,2016,NOT_RATED,100,,tt5895028,8.2,34914
Frequency,SHOW,2016,TV_14,18,3.0,tt5531470,7.5,13625
Beasts of No Nation,MOVIE,2015,R,137,,tt1365050,7.7,80129
Trollhunters: Tales of Arcadia,SHOW,2016,TV_Y7,22,3.0,tt1734135,8.4,16509
"What Happened, Miss Simone?",MOVIE,2015,NOT_RATED,101,,tt5108670,7.6,13703
The Siege of Jadotville,MOVIE,2016,NOT_RATED,108,,tt3922798,7.2,38308
Gilmore Girls: A Year in the Life,SHOW,2016,TV_14,92,1.0,tt5435008,7.6,36359
Ip Man 3,MOVIE,2015,PG_13,105,,tt2888046,7.0,54128
The Get Down,SHOW,2016,TV_MA,62,2.0,tt4592410,8.2,22304
Blue Jay,MOVIE,2016,NOT_RATED,81,,tt5912454,7.3,17033
Dangal,MOVIE,2016,PG,161,,tt5074352,8.4,180247
Bo Burnham: Make Happy,MOVIE,2016,NOT_RATED,60,,tt5777636,8.4,14356
Suffragette,MOVIE,2015,PG_13,106,,tt3077214,6.9,41529
Amanda Knox,MOVIE,2016,NOT_RATED,92,,tt5952332,6.9,23969
Marco Polo: One Hundred Eyes,MOVIE,2015,NOT_RATED,28,,tt5248968,7.8,10742
The Distinguished Citizen,MOVIE,2016,NOT_RATED,118,,tt4562518,7.5,11495
Drishyam,MOVIE,2015,R,163,,tt4430212,8.2,79075
Kapoor & Sons,MOVIE,2016,PG_13,132,,tt4900716,7.7,25792
Mucize,MOVIE,2015,PG_13,136,,tt6876670,7.7,12395
The Heirs,MOVIE,2015,NOT_RATED,71,,tt2903370,5.7,224
Tamasha,MOVIE,2015,PG,139,,tt3148502,7.4,26790
Udta Punjab,MOVIE,2016,R,148,,tt4434004,7.8,29819
Pyaar Ka Punchnama 2,MOVIE,2015,PG_13,159,,tt4430136,7.3,14968
Raman Raghav 2.0,MOVIE,2016,NOT_RATED,134,,tt5662932,7.4,14380
Talvar,MOVIE,2015,PG,132,,tt4934950,8.1,34659
Dil Dhadakne Do,MOVIE,2015,PG_13,170,,tt4110568,7.0,17149
Wazir,MOVIE,2016,PG_13,103,,tt0315642,7.2,18681
Ludo,MOVIE,2015,NOT_RATED,90,,tt3724898,2.8,825
Gabbar Is Back,MOVIE,2015,PG_13,130,,tt2424988,7.2,24676
Te3n,MOVIE,2016,PG_13,136,,tt4814290,7.3,12816
Ozark,SHOW,2017,TV_MA,60,4.0,tt5071412,8.5,278223
Derry Girls,SHOW,2018,TV_MA,25,3.0,tt7120662,8.4,28718
The Sinner,SHOW,2017,TV_MA,45,4.0,tt6048596,7.9,117055
Blade Runner 2049,MOVIE,2017,R,164,,tt1856101,8.0,539864
Dark,SHOW,2017,TV_MA,56,3.0,tt5753856,8.7,354443
Sorry to Bother You,MOVIE,2018,R,111,,tt5688932,6.9,75653
Dunkirk,MOVIE,2017,PG_13,107,,tt5013056,7.8,619645
Wind River,MOVIE,2017,R,106,,tt6185846,7.7,240408
Molly's Game,MOVIE,2017,R,140,,tt4209788,7.4,165817
Mindhunter,SHOW,2017,TV_MA,53,2.0,tt5290382,8.6,261429
Den of Thieves,MOVIE,2018,R,140,,tt1259528,7.0,107701
Phantom Thread,MOVIE,2017,R,130,,tt5776858,7.4,128600
Cobra Kai,SHOW,2018,TV_14,31,5.0,tt7221388,8.6,163858
You,SHOW,2018,TV_MA,47,3.0,tt7335184,7.7,225949
Money Heist,SHOW,2017,TV_MA,50,5.0,tt6468322,8.3,450797
Lady Bird,MOVIE,2017,R,94,,tt4925292,7.4,277165
Good Girls,SHOW,2018,TV_14,42,4.0,tt6474378,7.7,49867
Bodyguard,SHOW,2018,TV_MA,60,2.0,tt7493974,8.1,114446
Altered Carbon,SHOW,2018,TV_MA,52,2.0,tt2261227,7.9,162018
Maniac,SHOW,2018,TV_MA,39,1.0,tt5580146,7.7,74877
Darkest Hour,MOVIE,2017,PG_13,125,,tt4555426,7.4,193208
Babylon Berlin,SHOW,2017,TV_MA,49,4.0,tt4378376,8.4,23256
The Haunting of Hill House,SHOW,2018,TV_MA,58,1.0,tt6763664,8.6,226817
HAPPY!,SHOW,2017,TV_MA,43,2.0,tt2452242,8.1,37747
Workin' Moms,SHOW,2017,TV_MA,22,6.0,tt6143796,7.8,14892
The Nightingale,MOVIE,2018,R,136,,tt4068576,7.3,28196
Wild Wild Country,SHOW,2018,TV_MA,67,1.0,tt7768848,8.1,29298
Big Mouth,SHOW,2017,TV_MA,27,6.0,tt6524350,7.9,74660
The Disaster Artist,MOVIE,2017,R,104,,tt3521126,7.3,149604
Imposters,SHOW,2017,TV_14,43,2.0,tt5212822,7.8,13238
Anne with an E,SHOW,2017,TV_G,46,3.0,tt5421602,8.7,51001
Manhunt,SHOW,2017,TV_14,43,2.0,tt5618256,8.1,57459
The Ballad of Buster Scruggs,MOVIE,2018,R,132,,tt6412452,7.3,141528
Okja,MOVIE,2017,PG_13,122,,tt3967856,7.3,116305
Santa Clarita Diet,SHOW,2017,TV_MA,29,3.0,tt5580540,7.9,64467
One Day at a Time,SHOW,2017,TV_PG,29,4.0,tt5339440,8.2,15669
The End of the F***ing World,SHOW,2017,TV_MA,21,2.0,tt6257970,8.1,177868
GLOW,SHOW,2017,TV_MA,34,4.0,tt0784878,8.0,44751
Shot Caller,MOVIE,2017,R,120,,tt4633690,7.3,83961
Castlevania,SHOW,2017,TV_MA,26,4.0,tt6517102,8.3,61114
The Kominsky Method,SHOW,2018,TV_MA,26,3.0,tt7255502,8.2,38232
Atypical,SHOW,2017,TV_14,31,4.0,tt6315640,8.3,81643
Alias Grace,SHOW,2017,TV_MA,44,1.0,tt1034007,7.7,31577
Roma,MOVIE,2018,R,135,,tt6155172,7.7,153508
A Series of Unfortunate Events,SHOW,2017,TV_PG,47,3.0,tt4834206,7.8,59239
American Vandal,SHOW,2017,TV_MA,33,2.0,tt6877772,8.1,29972
The Foreigner,MOVIE,2017,R,113,,tt4759848,7.0,112487
Icarus,MOVIE,2017,NOT_RATED,121,,tt6333060,7.9,48672
Violet Evergarden,SHOW,2018,TV_14,25,1.0,tt7078180,8.4,19940
Narcos: Mexico,SHOW,2018,TV_MA,56,3.0,tt8714904,8.4,80902
The Invisible Guest,MOVIE,2017,R,107,,tt4857264,8.0,170351
I Don't Feel at Home in This World Anymore,MOVIE,2017,NOT_RATED,93,,tt6149822,6.9,55549
Seven Seconds,SHOW,2018,TV_MA,62,1.0,tt6297682,7.7,15323
Devilman Crybaby,SHOW,2018,TV_MA,25,1.0,tt6660498,7.6,18575
I Am Not Your Negro,MOVIE,2017,R,93,,tt5804038,7.9,21632
Everything Sucks!,SHOW,2018,TV_14,24,1.0,tt7078710,7.5,18023
The Zookeeper's Wife,MOVIE,2017,PG_13,122,,tt1730768,7.0,42808
Outlaw King,MOVIE,2018,R,121,,tt6679794,6.9,69834
Queer Eye,SHOW,2018,TV_14,47,6.0,tt7259746,8.5,18147
The Night Comes for Us,MOVIE,2018,R,121,,tt6116856,6.9,25500
13 Reasons Why,SHOW,2017,TV_MA,58,4.0,tt1837492,7.5,282373
The Meyerowitz Stories (New and Selected),MOVIE,2017,NOT_RATED,112,,tt5536736,6.9,47971
To All the Boys I've Loved Before,MOVIE,2018,PG_13,100,,tt3846674,7.1,101175
The Dragon Prince,SHOW,2018,TV_Y7,27,3.0,tt8688814,8.4,21635
Everybody Knows,MOVIE,2018,R,132,,tt4964788,6.9,34009
The Guernsey Literary & Potato Peel Pie Society,MOVIE,2018,NOT_RATED,124,,tt1289403,7.3,44917
Evil Genius,SHOW,2018,TV_MA,48,1.0,tt8342862,7.5,27516
Mudbound,MOVIE,2017,R,120,,tt2396589,7.4,47676
"Jim & Andy: The Great Beyond - Featuring a Very Special, Contractually Obligated Mention of Tony Clifton",MOVIE,2017,NOT_RATED,94,,tt7214762,7.7,25593
She-Ra and the Princesses of Power,SHOW,2018,TV_Y7,24,5.0,tt7745956,7.8,14935
Rascal Does Not Dream of Bunny Girl Senpai,SHOW,2018,TV_14,25,1.0,tt8993398,8.1,10400
Private Life,MOVIE,2018,R,123,,tt6394284,7.2,19023
Mirai,MOVIE,2018,PG,98,,tt6900448,7.0,14983
Hilda,SHOW,2018,TV_Y7,25,2.0,tt6385540,8.5,10162
Black Mirror: Bandersnatch,MOVIE,2018,R,90,,tt9495224,7.1,123377
Cable Girls,SHOW,2017,TV_MA,50,5.0,tt5674718,7.6,13855
RBG,MOVIE,2018,PG,98,,tt7689964,7.6,14037
Bāhubali 2: The Conclusion,MOVIE,2017,NOT_RATED,168,,tt4849438,8.2,91560
Mirage,MOVIE,2018,R,129,,tt7919356,7.4,52657
Hannah Gadsby: Nanette,MOVIE,2018,NOT_RATED,69,,tt8465676,8.1,12035
Happy as Lazzaro,MOVIE,2018,PG_13,125,,tt6752992,7.5,17716
Handsome Devil,MOVIE,2017,NOT_RATED,95,,tt5016946,7.0,13708
Forgotten,MOVIE,2017,NOT_RATED,109,,tt4236484,7.4,29804
Innocent,SHOW,2017,TV_14,51,1.0,tt6478854,8.4,17727
On Body and Soul,MOVIE,2017,NOT_RATED,116,,tt5607714,7.5,27003
Ricky Gervais: Humanity,MOVIE,2018,R,79,,tt7830574,7.9,18523
On My Block,SHOW,2018,TV_14,29,4.0,tt7879820,7.9,15642
What the Health,MOVIE,2017,NOT_RATED,97,,tt5541848,7.4,28911
Tabula Rasa,SHOW,2017,TV_MA,52,1.0,tt5197860,8.0,10161
Suburra: Blood on Rome,SHOW,2017,TV_MA,48,3.0,tt7197684,7.9,14346
Andhadhun,MOVIE,2018,R,139,,tt8303792,8.2,88359
First They Killed My Father,MOVIE,2017,R,136,,tt4882376,7.2,17871
Bad Genius,MOVIE,2017,PG_13,130,,tt6788942,7.6,20430
Cloudy with a Chance of Meatballs,SHOW,2017,TV_Y7,11,2.0,tt4123482,3.4,750
Girl,MOVIE,2018,R,105,,tt8254556,7.1,14046
Our Souls at Night,MOVIE,2017,NOT_RATED,101,,tt5034266,6.9,13360
The Mechanism,SHOW,2018,TV_MA,47,2.0,tt6873658,8.0,36077
Gaga: Five Foot Two,MOVIE,2017,NOT_RATED,100,,tt7291268,7.0,12825
El Chapo,SHOW,2017,TV_MA,44,3.0,tt6692188,7.8,17992
Sacred Games,SHOW,2018,TV_MA,50,2.0,tt10810630,8.6,85088
The Christmas Chronicles,MOVIE,2018,PG,104,,tt2990140,7.0,71182
Warrior,SHOW,2018,TV_MA,42,1.0,tt9249090,6.7,1966
Dogs of Berlin,SHOW,2018,TV_MA,60,1.0,tt6839788,7.5,12453
Car Masters: Rust to Riches,SHOW,2018,TV_PG,39,3.0,tt8893550,8.4,10024
Mersal,MOVIE,2017,NOT_RATED,169,,tt6485666,8.1,32573
Sarkar,MOVIE,2018,NOT_RATED,164,,tt8591968,7.0,18453
The Platform,SHOW,2018,TV_14,45,2.0,tt8254954,6.2,7
Manhunt,MOVIE,2017,NOT_RATED,106,,tt4537986,5.2,3210
Toilet: A Love Story,MOVIE,2017,NOT_RATED,155,,tt5785170,7.2,20675
Stree,MOVIE,2018,NOT_RATED,128,,tt8108202,7.6,32814
Mom,MOVIE,2017,NOT_RATED,147,,tt8771030,7.2,10320
Secret Superstar,MOVIE,2017,NOT_RATED,150,,tt6108090,7.9,24046
Sanju,MOVIE,2018,NOT_RATED,161,,tt6452574,7.7,52227
Ittefaq,MOVIE,2017,PG,107,,tt6692354,7.2,12095
Bareilly Ki Barfi,MOVIE,2017,NOT_RATED,123,,tt6967980,7.5,23011
Parmanu: The Story of Pokhran,MOVIE,2018,NOT_RATED,129,,tt6826438,7.6,23771
In the Family,MOVIE,2017,PG_13,124,,tt7642818,7.7,23297
Pad Man,MOVIE,2018,PG_13,140,,tt7218518,7.9,25269
Russian Doll,SHOW,2019,TV_MA,28,2.0,tt7520794,7.8,88945
The Gentlemen,MOVIE,2019,R,113,,tt8367814,7.8,314049
Demon Slayer: Kimetsu no Yaiba,SHOW,2019,TV_MA,25,3.0,tt9335498,8.7,88265
Sex Education,SHOW,2019,TV_MA,52,4.0,tt7767422,8.3,251168
After Life,SHOW,2019,TV_MA,28,3.0,tt8398600,8.5,124972
The Umbrella Academy,SHOW,2019,TV_14,52,3.0,tt1312171,8.0,202522
The Witcher,SHOW,2019,TV_MA,58,2.0,tt5180504,8.2,465949
Uncut Gems,MOVIE,2019,R,130,,tt5727208,7.4,261956
Formula 1: Drive to Survive,SHOW,2019,TV_MA,38,6.0,tt8289930,8.6,36661
The Queen's Gambit,SHOW,2020,TV_MA,56,1.0,tt10048342,8.6,406350
Dead to Me,SHOW,2019,TV_MA,31,2.0,tt9889712,8.0,73110
I Think You Should Leave with Tim Robinson,SHOW,2019,TV_MA,16,3.0,tt10050772,7.9,11411
The Last Dance,SHOW,2020,TV_MA,50,1.0,tt8420184,9.1,108321
Unbelievable,SHOW,2019,TV_MA,48,1.0,tt7909970,8.4,95658
Outer Banks,SHOW,2020,TV_MA,49,2.0,tt10293938,7.5,43404
The King,MOVIE,2019,R,140,,tt7984766,7.3,119020
In the Dark,SHOW,2019,TV_14,41,4.0,tt7772602,7.7,10927
The Devil All the Time,MOVIE,2020,R,138,,tt8956406,7.1,122321
My Octopus Teacher,MOVIE,2020,NOT_RATED,84,,tt12888462,8.1,51232
The Irishman,MOVIE,2019,R,209,,tt1302006,7.8,371209
Feel Good,SHOW,2020,TV_MA,25,2.0,tt10098620,7.5,10317
Top Boy,SHOW,2019,TV_MA,44,3.0,,,0
Marriage Story,MOVIE,2019,R,136,,tt7653254,7.9,290643
The Trial of the Chicago 7,MOVIE,2020,R,130,,tt1070874,7.7,170728
Criminal: UK,SHOW,2019,TV_MA,44,2.0,tt9348692,7.6,17992
Never Have I Ever,SHOW,2020,TV_14,28,4.0,tt10062292,7.8,45346
El Camino: A Breaking Bad Movie,MOVIE,2019,R,123,,tt10819010,7.3,216847
The Call,MOVIE,2020,NOT_RATED,112,,tt10530176,7.1,29450
Alice in Borderland,SHOW,2020,TV_MA,47,2.0,tt10795658,7.6,47651
Kingdom,SHOW,2019,TV_MA,48,2.0,tt6611916,8.3,43760
The Social Dilemma,MOVIE,2020,PG_13,94,,tt11464826,7.6,79674
The Promised Neverland,SHOW,2019,TV_MA,23,2.0,tt8788458,8.4,34730
The Dark Crystal: Age of Resistance,SHOW,2019,TV_PG,51,1.0,tt6905542,8.4,24164
When They See Us,SHOW,2019,TV_MA,74,1.0,tt7137906,8.9,114127
The Platform,MOVIE,2019,NOT_RATED,94,,tt8228288,7.0,207877
Giri/Haji,SHOW,2019,TV_MA,58,1.0,tt8001106,7.8,13570
Don't F**k with Cats: Hunting an Internet Killer,SHOW,2019,TV_MA,62,1.0,tt11318602,8.0,50250
The Forgotten Battle,MOVIE,2020,NOT_RATED,124,,tt10521092,7.1,26368
Official Secrets,MOVIE,2019,R,112,,tt5431890,7.3,45200
Hollywood,SHOW,2020,TV_MA,50,1.0,tt9827854,7.5,35067
Conversations with a Killer: The Ted Bundy Tapes,SHOW,2019,TV_MA,59,1.0,tt9425132,7.8,27439
I Am Not Okay with This,SHOW,2020,TV_MA,21,1.0,tt9446688,7.5,56459
Unorthodox,SHOW,2020,TV_MA,54,1.0,tt7607544,8.0,74118
The Half of It,MOVIE,2020,PG_13,104,,tt9683478,6.9,34959
Dolemite Is My Name,MOVIE,2019,R,118,,tt8526872,7.2,59836
Ragnarok,SHOW,2020,TV_MA,47,2.0,tt9251798,7.5,36185
The Professor and the Madman,MOVIE,2019,NOT_RATED,124,,tt5932728,7.2,44418
Pieces of a Woman,MOVIE,2020,R,127,,tt11161474,7.0,47795
Five Feet Apart,MOVIE,2019,PG_13,116,,tt6472976,7.2,61878
The Politician,SHOW,2019,TV_14,43,2.0,tt7971476,7.5,21887
Fyre,MOVIE,2019,NOT_RATED,98,,tt9412098,7.2,44715
Our Planet,SHOW,2019,TV_G,50,1.0,tt9253866,9.3,41386
The Spy,SHOW,2019,TV_MA,53,1.0,tt5952634,7.9,40535
The Highwaymen,MOVIE,2019,R,132,,tt1860242,6.9,88714
The Dirt,MOVIE,2019,R,108,,tt0800325,6.9,47603
Ma Rainey's Black Bottom,MOVIE,2020,R,94,,tt10514222,6.9,50275
David Attenborough: A Life on Our Planet,MOVIE,2020,PG,83,,tt11989890,9.0,31180
It's Okay to Not Be Okay,SHOW,2020,TV_MA,76,1.0,tt12451520,8.6,21104
The Two Popes,MOVIE,2019,PG_13,125,,tt8404614,7.6,120871
Messiah,SHOW,2020,TV_MA,45,1.0,tt7671598,7.6,42018
Undercover,SHOW,2019,TV_MA,49,3.0,tt7263154,7.8,16773
American Factory,MOVIE,2019,NOT_RATED,110,,tt9351980,7.4,21415
Caliphate,SHOW,2020,TV_MA,48,1.0,tt11398870,8.2,17735
The Wolf's Call,MOVIE,2019,NOT_RATED,115,,tt7458762,6.9,17236
Dash & Lily,SHOW,2020,TV_14,25,1.0,tt11127506,7.5,16978
The Boy Who Harnessed the Wind,MOVIE,2019,NOT_RATED,113,,tt7533152,7.6,36805
The Great Hack,MOVIE,2019,NOT_RATED,114,,tt9358204,7.1,22838
Ip Man 4: The Finale,MOVIE,2019,PG,107,,tt2076298,7.0,30694
The Devil Next Door,SHOW,2019,TV_MA,46,1.0,tt11165002,7.6,13084
American Murder: The Family Next Door,MOVIE,2020,R,83,,tt12987894,7.2,26355
I Lost My Body,MOVIE,2019,NOT_RATED,81,,tt9806192,7.5,31531
Teenage Bounty Hunters,SHOW,2020,TV_MA,49,1.0,tt10584608,7.6,10821
Klaus,MOVIE,2019,PG,97,,tt4729430,8.1,141480
The Game Changers,MOVIE,2019,NOT_RATED,88,,tt7455754,7.8,19708
Bill Burr: Paper Tiger,MOVIE,2019,NOT_RATED,67,,tt10847306,8.1,10649
Tell Me Who I Am,MOVIE,2019,NOT_RATED,85,,tt10915286,7.6,14215
Paddleton,MOVIE,2019,R,89,,tt8041276,7.1,13419
Inside Bill's Brain: Decoding Bill Gates,SHOW,2019,TV_14,50,1.0,tt10837476,7.9,10776
Rise of Empires: Ottoman,SHOW,2020,NOT_RATED,45,2.0,tt9244578,7.9,22045
How to Sell Drugs Online (Fast),SHOW,2019,TV_MA,32,3.0,tt9184994,7.9,30734
The Best of Enemies,MOVIE,2019,PG_13,133,,tt4807408,7.3,16441
Home for Christmas,SHOW,2019,TV_MA,29,2.0,tt10069398,7.7,13670
Quicksand,SHOW,2019,TV_MA,46,1.0,tt8686106,7.5,21077
Ala Vaikunthapurramuloo,MOVIE,2020,PG_13,165,,tt9537292,7.5,14839
Itaewon Class,SHOW,2020,TV_MA,69,1.0,tt11239552,8.2,12030
Miss Americana,MOVIE,2020,R,85,,tt11388580,7.4,19151
Dave Chappelle: Sticks & Stones,MOVIE,2019,R,65,,tt10810424,8.4,25687
The Trials of Gabriel Fernandez,SHOW,2020,TV_MA,55,1.0,tt11822998,8.1,10982
Spinning Out,SHOW,2020,TV_MA,50,1.0,tt9117054,7.6,13692
Athlete A,MOVIE,2020,PG_13,104,,tt11905462,7.6,10544
Then Came You,MOVIE,2019,PG_13,93,,tt4859168,6.9,12356
Love 101,SHOW,2020,TV_14,46,2.0,tt10516352,7.5,13797
Knock Down the House,MOVIE,2019,PG,86,,tt9358052,7.1,12418
System Crasher,MOVIE,2019,NOT_RATED,118,,tt8535968,7.8,12699
The Edge of Democracy,MOVIE,2019,NOT_RATED,121,,tt6016744,7.2,14605
Miracle in Cell No. 7,MOVIE,2019,NOT_RATED,132,,tt10431500,8.2,46939
Kota Factory,SHOW,2019,TV_MA,42,2.0,tt9432978,9.3,66985
Rose Island,MOVIE,2020,NOT_RATED,117,,tt10287954,7.0,20019
Super Deluxe,MOVIE,2019,NC_17,176,,tt7019942,8.4,13680
Delhi Crime,SHOW,2019,TV_MA,27,1.0,tt9398466,8.5,18732
Kabir Singh,MOVIE,2019,NOT_RATED,172,,tt8983202,7.2,30949
Badla,MOVIE,2019,PG_13,120,,tt8130968,7.8,27130
Ludo,MOVIE,2020,PG_13,150,,tt7212754,7.6,37528
AK vs AK,MOVIE,2020,NOT_RATED,108,,tt11651796,6.9,14048
Article 15,MOVIE,2019,NOT_RATED,130,,tt10324144,8.2,32336
Love,MOVIE,2020,NOT_RATED,91,,tt12573294,7.0,1485
Raat Akeli Hai,MOVIE,2020,NOT_RATED,149,,tt12567088,7.3,17570
Torbaaz,MOVIE,2020,NOT_RATED,132,,tt7805960,7.0,17828
Heartstopper,SHOW,2022,TV_14,28,1.0,tt10638036,8.9,28978
The Power of the Dog,MOVIE,2021,R,126,,tt10293406,6.9,158487
Arcane,SHOW,2021,TV_14,41,1.0,tt11126994,9.1,175412
"tick, tick... BOOM!",MOVIE,2021,PG_13,121,,tt8721424,7.5,96418
Midnight Mass,SHOW,2021,TV_MA,64,1.0,tt10574558,7.7,102321
Don't Look Up,MOVIE,2021,R,138,,tt11286314,7.2,498447
Squid Game,SHOW,2021,TV_MA,54,2.0,tt10919420,8.0,416738
The Mitchells vs. the Machines,MOVIE,2021,PG,113,,tt7979580,7.6,100787
Maid,SHOW,2021,TV_MA,54,1.0,tt11337908,8.4,74955
Shadow and Bone,SHOW,2021,TV_14,52,1.0,tt2403776,7.6,77782
Lupin,SHOW,2021,TV_MA,46,3.0,tt2531336,7.5,100575
All of Us Are Dead,SHOW,2022,TV_MA,61,1.0,tt14169960,7.5,41393
Gangubai Kathiawadi,MOVIE,2022,NOT_RATED,157,,tt10083340,7.0,44045
Cowboy Bebop,SHOW,2021,TV_MA,45,1.0,tt1267295,6.6,35427
The Hand of God,MOVIE,2021,R,130,,tt12680684,7.4,30235
The Unforgivable,MOVIE,2021,R,112,,tt11233960,7.1,101975
The Tinder Swindler,MOVIE,2022,NOT_RATED,114,,tt14992922,7.2,57606
Sweet Tooth,SHOW,2021,TV_14,45,2.0,tt12809988,7.8,49182
Inside Job,SHOW,2021,TV_MA,28,1.0,tt10231312,7.6,15137
The Trip,MOVIE,2021,NOT_RATED,113,,tt13109952,6.9,19706
The Chestnut Man,SHOW,2021,TV_MA,55,1.0,tt10834220,7.7,41253
True Story,SHOW,2021,TV_MA,39,1.0,tt13655456,7.5,16927
14 Peaks: Nothing Is Impossible,MOVIE,2021,NOT_RATED,101,,tt14079374,7.8,22858
Halston,SHOW,2021,TV_MA,47,1.0,tt10920514,7.5,14040
Bo Burnham: Inside,MOVIE,2021,R,87,,tt14545352,8.7,44074
Young Royals,SHOW,2021,TV_MA,45,1.0,tt14664414,8.3,26732
The Serpent,SHOW,2021,TV_MA,57,1.0,tt7985576,7.6,41782
Radhe Shyam,MOVIE,2022,NOT_RATED,138,,tt8960382,6.9,21328
My Name,SHOW,2021,TV_MA,50,1.0,tt12940504,7.8,18446
The Innocent,SHOW,2021,TV_MA,58,1.0,tt10147644,7.8,29019
The Dig,MOVIE,2021,PG_13,112,,tt3661210,7.1,71915
Night Stalker: The Hunt for a Serial Killer,SHOW,2021,TV_MA,47,1.0,tt13651632,7.5,23939
The Witcher: Nightmare of the Wolf,MOVIE,2021,NOT_RATED,83,,tt11657662,7.2,41508
Vincenzo,SHOW,2021,NOT_RATED,81,1.0,tt13433812,8.4,15134
Dave Chappelle: The Closer,MOVIE,2021,NOT_RATED,72,,tt15523010,8.0,24903
The White Tiger,MOVIE,2021,R,125,,tt6571548,7.1,58190
Seaspiracy,MOVIE,2021,NOT_RATED,80,,tt14152756,8.1,29604
Badhaai Do,MOVIE,2022,NOT_RATED,147,,tt11934846,7.3,15032
83,MOVIE,2021,NOT_RATED,163,,tt7518786,7.4,23781
Dasvi,MOVIE,2022,NOT_RATED,125,,tt14107554,8.0,13140
DOTA: Dragon's Blood,SHOW,2021,TV_MA,26,2.0,tt14069590,7.8,17429
Schumacher,MOVIE,2021,NOT_RATED,112,,tt10322274,7.4,21558
Wish Dragon,MOVIE,2021,PG,99,,tt5562070,7.2,24712
Minnal Murali,MOVIE,2021,NOT_RATED,158,,tt7268738,8.1,24681
Monster,MOVIE,2021,R,98,,tt10229074,6.5,5574
Dhamaka,MOVIE,2021,NOT_RATED,104,,tt13510660,7.5,39620
Ferry,MOVIE,2021,NOT_RATED,106,,tt14217100,7.0,10748
Doctor,MOVIE,2021,NOT_RATED,150,,tt11374902,7.6,14590
Shyam Singha Roy,MOVIE,2021,NOT_RATED,157,,tt13349716,7.9,10903
Chandigarh Kare Aashiqui,MOVIE,2021,NOT_RATED,117,,tt12861850,6.9,12303
Haseen Dillruba,MOVIE,2021,NOT_RATED,135,,tt11027830,7.0,25771
Meenakshi Sundareshwar,MOVIE,2021,NOT_RATED,141,,tt13529034,7.4,17141
Kurup,MOVIE,2021,NOT_RATED,155,,tt7026666,7.4,11582
